seed,epoch,train_loss,val_macro_f1
42.0,2.0,0.3100043824326233,0.8255859375
123.0,2.0,0.3046771167648419,0.8174081237911025
67.0,4.0,0.06636297685697619,0.8276365483533252
