epoch,train_loss,val_macro_f1
1,0.5103115799944945,0.7802871626749233
2,0.3100043824326233,0.8255859375
3,0.14725617319955892,0.8129740281182665
4,0.0627161023949974,0.8134121309182776
