epoch,train_loss,val_macro_f1
1,0.49806899937351096,0.8111165127207908
2,0.3046771167648419,0.8174081237911025
3,0.15337137531572848,0.8156464056528949
4,0.0665126728227062,0.8107778107778107
