epoch,train_loss,val_macro_f1
1,0.5185193551027596,0.8014718014718014
2,0.3092681977911835,0.8064094735789524
3,0.14760934793100822,0.8174541425734932
4,0.06636297685697619,0.8276365483533252
